vid;title;released
v4091;第二物语 ~少女之夏与15分钟的记忆~;2026-09-27
v1278;最尽头的现在;2026-09-27
v69336;ハイシンカノジョ;2026-09-27
v69369;大江戸托卵淫棒録;2026-09-27
v69376;淅瀝たるC32H48O9;2026-09-29
v67825;프린세스 메이커: 예언의 아이들;2026-09-30
v62277;声韵之恋;2026-10-01
v48532;虹彩都市;2026-10-01
v69656;いけにえに救済を;2026-10-01
v30969;花钟Kanade＊Gram 第四章：绫世奏 -最终章-;2026-10-04
v3699;我是少女漫画家;2026-10-04
v24790;コン狐との日常;2026-10-08
v52385;봄의 소리는 마치 너와 닮아서;2026-10-08
v46769;ソフィアとの秘密;2026-10-08
v69757;大早川さんはソウルライク;2026-10-08
v10810;Hero, Demon and Me 3P;2026-10-09
v56130;Love Mansion;2026-10-09
v49307;Tavern Talk Complete Edition;2026-10-15
v18757;つきみぷらねっと -CLASSIC REMASTER-;2026-10-15
v47555;メイドさんのいる暮らしS;2026-10-22
v67336;ハイアングル~幼馴染のバレー部エースが、俺にだけ甘えてくる~;2026-10-23
v36175;Cosplaying in Costalia: The Tororo Sisters!;2026-10-27
v34121;早咲きのくろゆり;2026-10-29
v48838;FORTUNE×WORLD~僕らがゲームを作る理由~;2026-10-30
v61215;さくらぶトライアングル;2026-10-30
v66154;廃村少女［弐］ 外伝 ~千艶万匣~;2026-10-30
v66155;天獄のヴィネア〜災厄の魔女と七つの罪〜;2026-10-30
v49512;天獄のヴィネア〜災厄の魔女と七つの罪〜;2026-10-30
v66508;壁の向こうの妻の嬌声f 〜かつて戯れあった俺たちは、交錯する淫宴とともに肉欲へと溺れゆく〜;2026-10-30
v65974;養花師の背徳愛~純真天使は抱かれて色めく~;2026-10-30
v66872;西園家のかくしゴト;2026-10-30
v8038;美少女万華鏡 Complete Collection -15th Anniversary Edition-;2026-10-30
v20860;景の海のアペイリア コンプリートパック;2026-10-30
v64431;もっと!孕ませ!炎のおっぱい異世界おっぱいスパイ学園!;2026-10-30
v68200;トリプルペアリング ミニファンディスク;2026-10-30
v12942;壁の向こうの妻の嬌声f 〜かつて戯れあった俺たちは、交錯する淫宴とともに肉欲へと溺れゆく〜;2026-10-30
v20369;ヌキコレvol.115 フィットしちゃお! ~年上女性と 汗だくレッスン初体験~;2026-10-30
v36293;Terminus Historia - 境界戦役 -;2026-10
v52146;私たちフェイクマリッジ?;2026-10
v56813;Sign: 碎冠篇;2026-10
v60467;だうなーギャルは夢をみる;2026-10
v66206;Where Control Ends;2026-10
v68203;留在四月以后;2026-10
v68180;히루가오;2026-11-01
v39919;Kokuhaku Confessional;2026-11-04
v9303;妹调教日记;2026-11-04
v27397;雪月の星霜;2026-11-04
v55088;问题偶像的养成计划;2026-11-05
v43468;TORAWASE: The Girl in the Mirror;2026-11-10
v61034;Gay It Loud;2026-11-16
v68022;The Attic: A Mystery Puzzle Game;2026-11-16
v31262;Monkeys!¡;2026-11-17
v69295;転性魔王さまは勇者に勝てない!２;2026-11-20
v69051;ゾンビポリス ~ゾンビ刑事と凍てつく真夏のお正月~;2026-11-22
v65042;楽園追放 –The Stellar Angel–;2026-11-25
v54601;Stealing Them Softly;2026-11-26
v63082;小金井荘と金色の揚羽蝶;2026-11-26
v46543;Everlasting Flowers - Where there is a will, there is a way;2026-11-26
v55002;ハッピーウィークエンド;2026-11-26
v67143;ワンナイトアフター -ONE NIGHT AFTER-;2026-11-27
v5734;ワンナイトアフター -ONE NIGHT AFTER- ;2026-11-27
v67372;どいなかガールズゆーとぴあ;2026-11-27
v67381;今日の2-X;2026-11-27
v68172;カノジョの妹のあざと誘惑~純愛なんてゴミですよ先輩♡~;2026-11-27
v69033;夢見るアプリ;2026-11-27
v69300;くりくりクリニック ~恵体女医の躾け方~;2026-11-27
v69308;魔法戦士ソルシエルナイツ ~魔に魅入られし姫君たち~;2026-11-27
v69404;TINTIN-CAMOCAMO ベロチューエスカレーション;2026-11-27
v59728;偽りのアリス -Retold Tale-;2026-11
v61046;죽어도 좋아!;2026-11
v56844;Love or Lust Beach Stories;2026-11
v9887;"STEINS;GATE 変移空間のオクテット";2026-11
v68221;DISK-Y;2026-11
v61533;けものティータイム;2026-11
v69168;蓬莱的雪;2026-11
v69199;涙花ちゃんを救いたい! ~負けヒロインとループする~;2026-11
v69459;異界ノ宿帳;2026-11
v63977;神祇;2026-12-07
v69290;さくらいろプリズム Beyond the Bloom;2026-12-17
v68671;ユメウツツ補習授業~Hなコトも勉強しないとダメですか?~;2026-12-18
v73;Summer Days リマスター版;2026-12-18
v69324;Summer Pockets Sunnyside Stories;2026-12-18
v69328;巨乳母娘でNTR ~ホームステイで寝取りたい~;2026-12-18
v66779;鈴菜ルートしか存在しない世界に迷い込みました ~無限鈴菜に愛される俺の話~;2026-12-24
v69457;ケミカルミステイク;2026-12-24
v59519;制服カノジョ3 無料DLC Act.5 伊規須 愛叶;2026-12-24
v46539;荷莱;2026-12-25
v69055;ホめられて伸びるＳＲ少女たち２;2026-12-25
v69113;きつ×みこ ~お狐さまと巫女お姉さんと過ごす、ちょっと不思議でとっても甘い夏休み~;2026-12-25
v69167;紫幻華は淫祀の夜に嗤う -倖せの村へようこそ-;2026-12-25
v54203;やらせてっ!てぃーちゃーリターンズ 3＋4 クリスマス Ver;2026-12-25
v41816;やらせてっ!てぃーちゃーリターンズ 1＋2＋3＋4クリスマス Ver;2026-12-25
v27892;コルヌ・コピア －不思議の住む街－;2026-12-30
v60663;越界恋人!!;2026-12-31
v40946;HAPPY SAIN† SHEOL ~亡者少女マヤ~;2026-12
v56156;海の果てと最後の夏 -Monochrome Iris-;2026-12
v61354;Божественная Новелла;2026-12
v62803;LIMINAL CAGE -銀の羊角亭-;2026-12
v68126;わがママ;2026-12
v68391;LUNADUN: LUNATIC DUNGEON;2026-12
v24207;頭に爆弾 ~24時間以内にSEXしないと死んじゃう!~;2026
v33120;"EDEN.schemata();";2026
v26012;蘭島物語2：奇滄的幻海;2026
v36005;天狐札记;2026
v36662;无垢之恋：绽放于春之花海;2026
v41473;维罗瓦年代记：绯红之狼;2026
v3091;"CHAOS;HEAD Love Chu☆Chu!";2026
v19953;"CHAOS;CHILD Love Chu☆Chu!!";2026
v44827;Nowhere Manor;2026
v46569;メルト・アウェイ;2026
v47849;梦之彼方-fate prologue;2026
v47953;Teacher Seduction;2026
v50758;ゆめうつつクインテット;2026
v51151;旅人的紫阳;2026
v51193;ヒバリでなくナイチンゲールでもなく;2026
v51828;藏物;2026
v52237;False Spider;2026
v52251;赝作 次元契约 Others;2026
v52557;爱之巢;2026
v52836;Depth Loop;2026
v32185;夢見た少女のニルヴァーナ Re:Route;2026
v53618;禁忌少女的輪迴之夜;2026
v53726;世紀末之詩;2026
v54032;Inside Utopia;2026
v54126;ファントムゾーン・ラビュリントス;2026
v54428;ザワークラウトの中で自転車を漕ぐ;2026
v54769;ホロウドライヴ;2026
v54903;恋爱泡馍!青春老陕;2026
v55062;Nolean: The Space Bartender;2026
v55620;橘香仲夏;2026
v55910;恋途之夜;2026
v56141;Crossover Clover;2026
v56862;魔法少女ノ因習村;2026
v56867;Darkness and Desire;2026
v56991;上位存在の命運は私が握るものとする;2026
v14;School Days Remastered;2026
v57814;箍の外れたビスクドール 一滅外道ノ章;2026
v57821;Prolegomena To a Hyperdimensional Interface That Will Be Able to Manifest From Three-Minute Interchanges;2026
v11857;Magical Charming!;2026
v25725;SHUFFLE! エピソード2~神にも悪魔にも狙われている男~ コンシューマ版;2026
v58020;ドラ・コンカフェ2;2026
v44144;午前五時にピアノを弾く ENCORE;2026
v58268;おわりのまえに;2026
v58592;Making Lovely / メイキング・ラブリー;2026
v58723;지킬을 위하여;2026
v58725;隐梦交织;2026
v58998;月夜にかれん;2026
v59003;夜の名前;2026
v59036;失败作 Wrecked;2026
v59191;蘭因;2026
v59227;The Chord of “C”;2026
v59264;临界吸引力;2026
v59297;中国黑龙传说;2026
v59584;可惜夜の彼女;2026
v59601;淀み海の溺れ唄;2026
